--INSERINDO ENTREGADORES

INSERT INTO Entregador (CPF, DataDeNascimento, Nome)  VALUES ('34567890123', TO_DATE('1995-09-30', 'YYYY-MM-DD'), 'Carlos Lima');

INSERT INTO Entregador (CPF, DataDeNascimento, Nome)  VALUES ('14408809444', TO_DATE('1986-05-15', 'YYYY-MM-DD'), 'Lucas Silva');

INSERT INTO Entregador (CPF, DataDeNascimento, Nome)  VALUES ('09445676533', TO_DATE('2000-09-04', 'YYYY-MM-DD'), 'Gabriel Melo');

INSERT INTO Entregador (CPF, DataDeNascimento, Nome)  VALUES ('32454367899', TO_DATE('1979-12-31', 'YYYY-MM-DD'), 'Miguel Carneiro');

INSERT INTO Entregador (CPF, DataDeNascimento, Nome)  VALUES ('00912345678', TO_DATE('2001-04-15', 'YYYY-MM-DD'), 'Alvaro Neto');

INSERT INTO Entregador (CPF, DataDeNascimento, Nome)  VALUES ('03212355678', TO_DATE('1998-05-30', 'YYYY-MM-DD'), 'Bianca Pessoa');

INSERT INTO Entregador (CPF, DataDeNascimento, Nome)  VALUES ('12487954266', TO_DATE('1995-09-30', 'YYYY-MM-DD'), 'Eduarda Rocha');

INSERT INTO Entregador (CPF, DataDeNascimento, Nome)  VALUES ('87632145677', TO_DATE('2000-03-27', 'YYYY-MM-DD'), 'Gabriela Ferraz');

INSERT INTO Entregador (CPF, DataDeNascimento, Nome)  VALUES ('45676555523', TO_DATE('1999-01-14', 'YYYY-MM-DD'), 'Fabiana Gomes');

INSERT INTO Entregador (CPF, DataDeNascimento, Nome)  VALUES ('24367899911', TO_DATE('2002-06-01', 'YYYY-MM-DD'), 'Julia Carvalho');

INSERT INTO Entregador (CPF, DataDeNascimento, Nome) VALUES ('55566677788', TO_DATE('1990-02-02', 'YYYY-MM-DD'), 'Rafael Pereira');

INSERT INTO Entregador (CPF, DataDeNascimento, Nome) VALUES ('66677788899', TO_DATE('1985-07-07', 'YYYY-MM-DD'), 'Marcela Souza');

INSERT INTO Entregador (CPF, DataDeNascimento, Nome) VALUES ('77788899900', TO_DATE('1988-08-08', 'YYYY-MM-DD'), 'Roberto Costa');

INSERT INTO Entregador (CPF, DataDeNascimento, Nome) VALUES ('88899900011', TO_DATE('1992-12-12', 'YYYY-MM-DD'), 'Sandra Dias');

INSERT INTO Entregador (CPF, DataDeNascimento, Nome) VALUES ('99900011122', TO_DATE('1975-03-03', 'YYYY-MM-DD'), 'Leonardo Pinto');

INSERT INTO Entregador (CPF, DataDeNascimento, Nome) VALUES ('00011122233', TO_DATE('1980-10-10', 'YYYY-MM-DD'), 'Mariana Freitas');

INSERT INTO Entregador (CPF, DataDeNascimento, Nome) VALUES ('11122233344', TO_DATE('1999-06-06', 'YYYY-MM-DD'), 'Diego Fernandes');

INSERT INTO Entregador (CPF, DataDeNascimento, Nome) VALUES ('22233344455', TO_DATE('1983-11-11', 'YYYY-MM-DD'), 'Paula Ramos');

INSERT INTO Entregador (CPF, DataDeNascimento, Nome) VALUES ('33344455566', TO_DATE('1990-04-04', 'YYYY-MM-DD'), 'Eduardo Santos');

INSERT INTO Entregador (CPF, DataDeNascimento, Nome) VALUES ('44455566677', TO_DATE('1987-07-07', 'YYYY-MM-DD'), 'Fernanda Lopes');

INSERT INTO Entregador (CPF, DataDeNascimento, Nome) VALUES ('55566677799', TO_DATE('1994-05-05', 'YYYY-MM-DD'), 'Ricardo Almeida');



--INSERINDO CONSUMIDORES

INSERT INTO Consumidor (CPF, DataDeNascimento, Nome, CEP, Rua, Numero, Cidade, Complemento) VALUES ('76543210987', TO_DATE('1995-09-30', 'YYYY-MM-DD'), 'Julia Almeida', '52000000', 'Rua 3', 789, 'Recife', 'Apto 3');

INSERT INTO Consumidor (CPF, DataDeNascimento, Nome, CEP, Rua, Numero, Cidade, Complemento) VALUES ('12312312300', TO_DATE('1969-04-15', 'YYYY-MM-DD'), 'Zenaide Castro', '52061100', 'Rua ABC', 59, 'Recife', 'Apto 2702');

INSERT INTO Consumidor (CPF, DataDeNascimento, Nome, CEP, Rua, Numero, Cidade, Complemento) VALUES ('86586586599', TO_DATE('2004-11-10', 'YYYY-MM-DD'), 'Juliana Valenca', '52061540', 'Rua 17 de Agosto', 2483, 'Recife', 'Apto 2301');

INSERT INTO Consumidor (CPF, DataDeNascimento, Nome, CEP, Rua, Numero, Cidade, Complemento) VALUES ('43245676588', TO_DATE('1987-03-30', 'YYYY-MM-DD'), 'Clarissa Baltar', '32154679', 'Rua da Aurora', 50, 'Recife', 'Apto 301');

INSERT INTO Consumidor (CPF, DataDeNascimento, Nome, CEP, Rua, Numero, Cidade, Complemento) VALUES ('32166677788', TO_DATE('1950-06-12', 'YYYY-MM-DD'), 'Gabriela Lucena', '12343456', 'Rua Real da Torre', 140, 'Recife', 'Apto 2');

INSERT INTO Consumidor (CPF, DataDeNascimento, Nome, CEP, Rua, Numero, Cidade, Complemento) VALUES ('21345676555', TO_DATE('1986-07-02', 'YYYY-MM-DD'), 'Bruno Rezende', '52061540', 'Rua 17 de Agosto', 2720, 'Recife', 'Apto 1802');

INSERT INTO Consumidor (CPF, DataDeNascimento, Nome, CEP, Rua, Numero, Cidade, Complemento) VALUES ('76540000987', TO_DATE('1957-01-03', 'YYYY-MM-DD'), 'Lucas Mendes', '51000000', 'Rua Virginia Loreto', 79, 'Recife', 'Apto 303');

INSERT INTO Consumidor (CPF, DataDeNascimento, Nome, CEP, Rua, Numero, Cidade, Complemento) VALUES ('22543210987', TO_DATE('1994-11-03', 'YYYY-MM-DD'), 'Vinicius Albuquerque', '53400000', 'Rua das Gracas', 80, 'Recife', 'Apto 1401');

INSERT INTO Consumidor (CPF, DataDeNascimento, Nome, CEP, Rua, Numero, Cidade, Complemento) VALUES ('98765432112', TO_DATE('1991-01-01', 'YYYY-MM-DD'), 'Renata Martins', '52012345', 'Avenida Brasil', 100, 'Recife', 'Casa 1');

INSERT INTO Consumidor (CPF, DataDeNascimento, Nome, CEP, Rua, Numero, Cidade, Complemento) VALUES ('11223344556', TO_DATE('2003-03-03', 'YYYY-MM-DD'), 'André Costa', '52054321', 'Rua da Paz', 45, 'Recife', 'Apto 101');

INSERT INTO Consumidor (CPF, DataDeNascimento, Nome, CEP, Rua, Numero, Cidade, Complemento) VALUES ('22334455667', TO_DATE('1982-02-02', 'YYYY-MM-DD'), 'Carla Mendes', '52011122', 'Avenida Central', 101, 'Recife', 'Casa 12');

INSERT INTO Consumidor (CPF, DataDeNascimento, Nome, CEP, Rua, Numero, Cidade, Complemento) VALUES ('33445566778', TO_DATE('1978-04-04', 'YYYY-MM-DD'), 'Andressa Lima', '52022233', 'Rua das Flores', 202, 'Recife', 'Apto 303');

INSERT INTO Consumidor (CPF, DataDeNascimento, Nome, CEP, Rua, Numero, Cidade, Complemento) VALUES ('44556677889', TO_DATE('1993-03-03', 'YYYY-MM-DD'), 'Felipe Cardoso', '52033344', 'Travessa da Luz', 303, 'Recife', 'Casa 2');

INSERT INTO Consumidor (CPF, DataDeNascimento, Nome, CEP, Rua, Numero, Cidade, Complemento) VALUES ('55667788990', TO_DATE('2000-08-08', 'YYYY-MM-DD'), 'Marcelo Souza', '52044455', 'Alameda Santos', 404, 'Recife', 'Apto 405');

INSERT INTO Consumidor (CPF, DataDeNascimento, Nome, CEP, Rua, Numero, Cidade, Complemento) VALUES ('66778899001', TO_DATE('1995-05-05', 'YYYY-MM-DD'), 'Beatriz Nunes', '52055566', 'Avenida Beira Mar', 505, 'Recife', 'Casa 5');

INSERT INTO Consumidor (CPF, DataDeNascimento, Nome, CEP, Rua, Numero, Cidade, Complemento) VALUES ('77889900112', TO_DATE('1989-09-09', 'YYYY-MM-DD'), 'Renato Silva', '52066677', 'Rua dos Andradas', 606, 'Recife', 'Apto 606');

INSERT INTO Consumidor (CPF, DataDeNascimento, Nome, CEP, Rua, Numero, Cidade, Complemento) VALUES ('88990011223', TO_DATE('1970-01-01', 'YYYY-MM-DD'), 'Cecilia Rocha', '52077788', 'Avenida Mar', 707, 'Recife', 'Casa 7');

INSERT INTO Consumidor (CPF, DataDeNascimento, Nome, CEP, Rua, Numero, Cidade, Complemento) VALUES ('99001122334', TO_DATE('1998-12-12', 'YYYY-MM-DD'), 'Thiago Silva', '52088899', 'Rua do Sol', 808, 'Recife', 'Apto 808');

INSERT INTO Consumidor (CPF, DataDeNascimento, Nome, CEP, Rua, Numero, Cidade, Complemento) VALUES ('10111213141', TO_DATE('1984-07-07', 'YYYY-MM-DD'), 'Lorena Alves', '52099900', 'Travessa do Parque', 909, 'Recife', 'Casa 9');

INSERT INTO Consumidor (CPF, DataDeNascimento, Nome, CEP, Rua, Numero, Cidade, Complemento) VALUES ('23430219012', TO_DATE('1985-07-15', 'YYYY-MM-DD'), 'Guto Menezes', '50000000', 'Rua Central', 456, 'Olinda', NULL);

INSERT INTO Consumidor (CPF, DataDeNascimento, Nome, CEP, Rua, Numero, Cidade, Complemento) VALUES ('34567890123', TO_DATE('1998-03-22', 'YYYY-MM-DD'), 'Moisés Ribeiro', '60000000', 'Avenida Norte', 789, 'Jaboatão', NULL);


--INSERINDO FORNECEDORES

INSERT INTO Fornecedor (CNPJ, Nome, CEP, Rua, Numero, Cidade, Complemento) VALUES ('34567890000122', 'Padaria Pão Quente', '52000000', 'Rua C', 30, 'Recife', '');

INSERT INTO Fornecedor (CNPJ, Nome, CEP, Rua, Numero, Cidade, Complemento) VALUES ('00056789000111', 'Frutaria Verd Campo', '52111000', 'Rua Silvana Salazar', 45, 'Recife', '');

INSERT INTO Fornecedor (CNPJ, Nome, CEP, Rua, Numero, Cidade, Complemento) VALUES ('23456756700111', 'Padaria Casa Forte', '52061540', 'Rua 17 de Agosto', 1211, 'Recife', '');

INSERT INTO Fornecedor (CNPJ, Nome, CEP, Rua, Numero, Cidade, Complemento) VALUES ('23999989000111', 'DOC', '51110000', 'Rua Irma Maria David', 200, 'Recife', '');

INSERT INTO Fornecedor (CNPJ, Nome, CEP, Rua, Numero, Cidade, Complemento) VALUES ('23999555000111', 'Mix Matheus', '52340000', 'Rua Rui Barbosa', 144, 'Recife', '');

INSERT INTO Fornecedor (CNPJ, Nome, CEP, Rua, Numero, Cidade, Complemento) VALUES ('23456789000111', 'Padaria Pão Quente', '52000000', 'Rua C', 30, 'Recife', '');

INSERT INTO Fornecedor (CNPJ, Nome, CEP, Rua, Numero, Cidade, Complemento) VALUES ('23456000000111', 'Kojima', '41230000', 'Rua Antonio de Goes', 11, 'Recife', '');

INSERT INTO Fornecedor (CNPJ, Nome, CEP, Rua, Numero, Cidade, Complemento) VALUES ('12336789000111', 'JK Steak', '13300000', 'Rua Jose Estelita', 300, 'Recife', '');

INSERT INTO Fornecedor (CNPJ, Nome, CEP, Rua, Numero, Cidade, Complemento) VALUES ('23456789111111', 'Ruizito', '52099900', 'Rua Republica do Libano', 199, 'Recife', '');

INSERT INTO Fornecedor (CNPJ, Nome, CEP, Rua, Numero, Cidade, Complemento) VALUES ('23456789222111', 'Le Petit', '52130000', 'Rua do Futuro', 20, 'Recife', '');

INSERT INTO Fornecedor (CNPJ, Nome, CEP, Rua, Numero, Cidade, Complemento) VALUES ('11122233344455', 'Supermercado do Norte', '52011100', 'Av. Norte', 200, 'Recife', '');

INSERT INTO Fornecedor (CNPJ, Nome, CEP, Rua, Numero, Cidade, Complemento) VALUES ('98765432000199', 'Mercado Central', '52010101', 'Avenida Central', 10, 'Recife', '');

INSERT INTO Fornecedor (CNPJ, Nome, CEP, Rua, Numero, Cidade, Complemento) VALUES ('87654321000188', 'Pizzaria Bella', '52020202', 'Rua das Pizzas', 20, 'Recife', '');

INSERT INTO Fornecedor (CNPJ, Nome, CEP, Rua, Numero, Cidade, Complemento) VALUES ('76543210000177', 'Sorveteria Gelato', '52030303', 'Avenida do Sabor', 30, 'Recife', '');

INSERT INTO Fornecedor (CNPJ, Nome, CEP, Rua, Numero, Cidade, Complemento) VALUES ('65432100000166', 'Padaria Doce Pão', '52040404', 'Rua do Trigo', 40, 'Recife', '');

INSERT INTO Fornecedor (CNPJ, Nome, CEP, Rua, Numero, Cidade, Complemento) VALUES ('54321000000155', 'Doceria Açucarada', '52050505', 'Avenida Açúcar', 50, 'Recife', '');

INSERT INTO Fornecedor (CNPJ, Nome, CEP, Rua, Numero, Cidade, Complemento) VALUES ('43210000000144', 'Hamburgueria Top', '52060606', 'Rua do Hambúrguer', 60, 'Recife', '');

INSERT INTO Fornecedor (CNPJ, Nome, CEP, Rua, Numero, Cidade, Complemento) VALUES ('32100000000133', 'Restaurante Sabor & Arte', '52070707', 'Avenida Arte', 70, 'Recife', '');

INSERT INTO Fornecedor (CNPJ, Nome, CEP, Rua, Numero, Cidade, Complemento) VALUES ('21000000000122', 'Empório Natural', '52080808', 'Rua Saudável', 80, 'Recife', '');

INSERT INTO Fornecedor (CNPJ, Nome, CEP, Rua, Numero, Cidade, Complemento) VALUES ('10900000000111', 'Churrascaria Gaúcha', '52090909', 'Avenida Churrasco', 90, 'Recife', '');

INSERT INTO Fornecedor (CNPJ, Nome, CEP, Rua, Numero, Cidade, Complemento) VALUES ('11122233344456', 'Restaurante do Norte', '52011100', 'Av. Norte', 201, 'Recife', '');

INSERT INTO Fornecedor (CNPJ, Nome, CEP, Rua, Numero, Cidade, Complemento) VALUES ('11122233344457', 'Mercadinho Norte', '52011100', 'Av. Norte', 202, 'Recife', '');

INSERT INTO Fornecedor (CNPJ, Nome, CEP, Rua, Numero, Cidade, Complemento) VALUES ('11122233344458', 'Padaria Av. Norte', '52011100', 'Av. Norte', 203, 'Recife', '');

INSERT INTO Fornecedor (CNPJ, Nome, CEP, Rua, Numero, Cidade, Complemento) VALUES ('11122233344459', 'Mercado Popular Norte', '52011100', 'Av. Norte', 204, 'Recife', '');


--INSERINDO SUPERMERCADOS

INSERT INTO Supermercado (CNPJ_Forn) VALUES ('34567890000122');

INSERT INTO Supermercado (CNPJ_Forn) VALUES ('00056789000111');

INSERT INTO Supermercado (CNPJ_Forn) VALUES ('23456756700111');

INSERT INTO Supermercado (CNPJ_Forn) VALUES ('23999989000111');

INSERT INTO Supermercado (CNPJ_Forn) VALUES ('23999555000111');

INSERT INTO Supermercado (CNPJ_Forn) VALUES ('11122233344455');

INSERT INTO Supermercado (CNPJ_Forn) VALUES ('98765432000199');

INSERT INTO Supermercado (CNPJ_Forn) VALUES ('87654321000188');

INSERT INTO Supermercado (CNPJ_Forn) VALUES ('76543210000177');

INSERT INTO Supermercado (CNPJ_Forn) VALUES ('65432100000166');

INSERT INTO Supermercado (CNPJ_Forn) VALUES ('11122233344457');

INSERT INTO Supermercado (CNPJ_Forn) VALUES ('11122233344459');


--INSERINDO RESTAURANTES

INSERT INTO Restaurante (CNPJ_Forn, Categoria) VALUES ('23456789000111', 'Comida Brasileira');

INSERT INTO Restaurante (CNPJ_Forn, Categoria) VALUES ('23456000000111', 'Comida Japonesa');

INSERT INTO Restaurante (CNPJ_Forn, Categoria) VALUES ('12336789000111', 'Comida Brasileira');

INSERT INTO Restaurante (CNPJ_Forn, Categoria) VALUES ('23456789111111', 'Comida Iberica');

INSERT INTO Restaurante (CNPJ_Forn, Categoria) VALUES ('23456789222111', 'Comida Italiana');

INSERT INTO Restaurante (CNPJ_Forn, Categoria) VALUES ('54321000000155', 'Comida Mexicana');

INSERT INTO Restaurante (CNPJ_Forn, Categoria) VALUES ('43210000000144', 'Comida Francesa');

INSERT INTO Restaurante (CNPJ_Forn, Categoria) VALUES ('32100000000133', 'Comida Chinesa');

INSERT INTO Restaurante (CNPJ_Forn, Categoria) VALUES ('21000000000122', 'Comida Tailandesa');

INSERT INTO Restaurante (CNPJ_Forn, Categoria) VALUES ('10900000000111', 'Comida Árabe');

INSERT INTO Restaurante (CNPJ_Forn, Categoria) VALUES ('11122233344456', 'Comida Brasileira');

INSERT INTO Restaurante (CNPJ_Forn, Categoria) VALUES ('11122233344458', 'Comida Iberica');


--INSERINDO PRODUTOS

INSERT INTO Produto (Nome) VALUES ('Pizza Margherita');

INSERT INTO Produto (Nome) VALUES ('Pizza Calabresa');

INSERT INTO Produto (Nome) VALUES ('Pao de Caixa');

INSERT INTO Produto (Nome) VALUES ('Ovos');

INSERT INTO Produto (Nome) VALUES ('Queijo Mussarela');

INSERT INTO Produto (Nome) VALUES ('Batata Frita');

INSERT INTO Produto (Nome) VALUES ('Hot Roll');

INSERT INTO Produto (Nome) VALUES ('Picanha Argentina');

INSERT INTO Produto (Nome) VALUES ('Bolo de Morango');

INSERT INTO Produto (Nome) VALUES ('Brigadeiro');

INSERT INTO Produto (Nome) VALUES ('Risoto de Camarao');

INSERT INTO Produto (Nome) VALUES ('Lasanha');

INSERT INTO Produto (Nome) VALUES ('Sushi');

INSERT INTO Produto (Nome) VALUES ('Churrasco');

INSERT INTO Produto (Nome) VALUES ('Sashimi');

INSERT INTO Produto (Nome) VALUES ('Hamburger');

INSERT INTO Produto (Nome) VALUES ('Cheesecake');

INSERT INTO Produto (Nome) VALUES ('Salada Caesar');

INSERT INTO Produto (Nome) VALUES ('Espaguete à Bolonhesa');

INSERT INTO Produto (Nome) VALUES ('Frango Assado');

INSERT INTO Produto (Nome) VALUES ('Coxinha');

INSERT INTO Produto (Nome) VALUES ('Pastel');



--INSERINDO PRODUTOS OFERTADOS

INSERT INTO ProdutoOfertado (IdProduto, CNPJ_Forn, Preco) VALUES (1, '34567890000122', 20.00);

INSERT INTO ProdutoOfertado (IdProduto, CNPJ_Forn, Preco) VALUES (2, '34567890000122', 25.00);

INSERT INTO ProdutoOfertado (IdProduto, CNPJ_Forn, Preco) VALUES (3, '00056789000111', 15.00);

INSERT INTO ProdutoOfertado (IdProduto, CNPJ_Forn, Preco) VALUES (4, '00056789000111', 18.00);

INSERT INTO ProdutoOfertado (IdProduto, CNPJ_Forn, Preco) VALUES (5, '23456756700111', 30.00);

INSERT INTO ProdutoOfertado (IdProduto, CNPJ_Forn, Preco) VALUES (6, '23456756700111', 35.00);

INSERT INTO ProdutoOfertado (IdProduto, CNPJ_Forn, Preco) VALUES (1, '23456756700111', 35.00);

INSERT INTO ProdutoOfertado (IdProduto, CNPJ_Forn, Preco) VALUES (12, '11122233344455', 40.00);

INSERT INTO ProdutoOfertado (IdProduto, CNPJ_Forn, Preco) VALUES (13, '11122233344455', 30.00);

INSERT INTO ProdutoOfertado (IdProduto, CNPJ_Forn, Preco) VALUES (14, '98765432000199', 50.00);

INSERT INTO ProdutoOfertado (IdProduto, CNPJ_Forn, Preco) VALUES (15, '87654321000188', 60.00);

INSERT INTO ProdutoOfertado (IdProduto, CNPJ_Forn, Preco) VALUES (16, '76543210000177', 45.00);

INSERT INTO ProdutoOfertado (IdProduto, CNPJ_Forn, Preco) VALUES (17, '65432100000166', 55.00);

INSERT INTO ProdutoOfertado (IdProduto, CNPJ_Forn, Preco) VALUES (18, '54321000000155', 35.00);

INSERT INTO ProdutoOfertado (IdProduto, CNPJ_Forn, Preco) VALUES (19, '43210000000144', 40.00);

INSERT INTO ProdutoOfertado (IdProduto, CNPJ_Forn, Preco) VALUES (20, '32100000000133', 75.00);

INSERT INTO ProdutoOfertado (IdProduto, CNPJ_Forn, Preco) VALUES (21, '21000000000122', 80.00);

INSERT INTO ProdutoOfertado (IdProduto, CNPJ_Forn, Preco) VALUES (22, '10900000000111', 65.00);



--INSERINDO DESCONTOS

INSERT INTO Desconto (CNPJ_Desconto, Data, Porcentagem) VALUES ('23456789000111', TO_DATE('2025-02-02', 'YYYY-MM-DD'), 15.00);

INSERT INTO Desconto (CNPJ_Desconto, Data, Porcentagem) VALUES ('23999555000111', TO_DATE('2025-11-03', 'YYYY-MM-DD'), 10.00);

INSERT INTO Desconto (CNPJ_Desconto, Data, Porcentagem) VALUES ('00056789000111', TO_DATE('2025-03-02', 'YYYY-MM-DD'), 05.00);

INSERT INTO Desconto (CNPJ_Desconto, Data, Porcentagem) VALUES ('23999989000111', TO_DATE('2025-04-02', 'YYYY-MM-DD'), 8.00);

INSERT INTO Desconto (CNPJ_Desconto, Data, Porcentagem) VALUES ('11122233344455', TO_DATE('2025-05-05', 'YYYY-MM-DD'), 12.00);

INSERT INTO Desconto (CNPJ_Desconto, Data, Porcentagem) VALUES ('98765432000199', TO_DATE('2025-06-10', 'YYYY-MM-DD'), 5.00);

INSERT INTO Desconto (CNPJ_Desconto, Data, Porcentagem) VALUES ('87654321000188', TO_DATE('2025-07-15', 'YYYY-MM-DD'), 7.50);

INSERT INTO Desconto (CNPJ_Desconto, Data, Porcentagem) VALUES ('76543210000177', TO_DATE('2025-08-20', 'YYYY-MM-DD'), 6.00);

INSERT INTO Desconto (CNPJ_Desconto, Data, Porcentagem) VALUES ('65432100000166', TO_DATE('2025-09-25', 'YYYY-MM-DD'), 9.00);

INSERT INTO Desconto (CNPJ_Desconto, Data, Porcentagem) VALUES ('54321000000155', TO_DATE('2025-10-30', 'YYYY-MM-DD'), 4.50);

INSERT INTO Desconto (CNPJ_Desconto, Data, Porcentagem) VALUES ('43210000000144', TO_DATE('2025-11-05', 'YYYY-MM-DD'), 8.50);

INSERT INTO Desconto (CNPJ_Desconto, Data, Porcentagem) VALUES ('32100000000133', TO_DATE('2025-12-12', 'YYYY-MM-DD'), 10.00);

INSERT INTO Desconto (CNPJ_Desconto, Data, Porcentagem) VALUES ('21000000000122', TO_DATE('2026-01-01', 'YYYY-MM-DD'), 12.50);

INSERT INTO Desconto (CNPJ_Desconto, Data, Porcentagem) VALUES ('10900000000111', TO_DATE('2026-02-02', 'YYYY-MM-DD'), 15.00);



--INSERINDO PEDIDOS

INSERT INTO Pedido (IdPedido, Data, HoraDaEntrega, CPF_Entregador, CPF, CNPJ) 
VALUES (seq_pedido.NEXTVAL, TO_DATE('2025-02-01', 'YYYY-MM-DD'),  
    TO_TIMESTAMP('2025-02-01 18:00:00', 'YYYY-MM-DD HH24:MI:SS'), '34567890123',  
    '76543210987',  
    '23456789000111' 
);

INSERT INTO Pedido (IdPedido, Data, HoraDaEntrega, CPF_Entregador, CPF, CNPJ) 
VALUES (seq_pedido.NEXTVAL, TO_DATE('2025-02-03', 'YYYY-MM-DD'),  
    TO_TIMESTAMP('2025-02-03 12:30:00', 'YYYY-MM-DD HH24:MI:SS'), '14408809444',  
    '12312312300',  
    '00056789000111' 
);

INSERT INTO Pedido (IdPedido, Data, HoraDaEntrega, CPF_Entregador, CPF, CNPJ) 
VALUES (seq_pedido.NEXTVAL, TO_DATE('2025-02-05', 'YYYY-MM-DD'),  
    TO_TIMESTAMP('2025-02-05 19:45:00', 'YYYY-MM-DD HH24:MI:SS'), '09445676533',  
    '86586586599',  
    '23456756700111' 
);

INSERT INTO Pedido (IdPedido, Data, HoraDaEntrega, CPF_Entregador, CPF, CNPJ)
VALUES (seq_pedido.NEXTVAL, TO_DATE('2025-02-07', 'YYYY-MM-DD'),  
    TO_TIMESTAMP('2025-02-07 17:30:00', 'YYYY-MM-DD HH24:MI:SS'), '55566677788',  
    '98765432112',  
    '11122233344455');

INSERT INTO Pedido (IdPedido, Data, HoraDaEntrega, CPF_Entregador, CPF, CNPJ) 
VALUES (seq_pedido.NEXTVAL, TO_DATE('2025-02-10', 'YYYY-MM-DD'),
    TO_TIMESTAMP('2025-02-10 14:00:00', 'YYYY-MM-DD HH24:MI:SS'), '77788899900',
    '22334455667',
    '98765432000199');

INSERT INTO Pedido (IdPedido, Data, HoraDaEntrega, CPF_Entregador, CPF, CNPJ) 
VALUES (seq_pedido.NEXTVAL, TO_DATE('2025-02-11', 'YYYY-MM-DD'),
    TO_TIMESTAMP('2025-02-11 15:30:00', 'YYYY-MM-DD HH24:MI:SS'), '88899900011',
    '33445566778',
    '87654321000188');

INSERT INTO Pedido (IdPedido, Data, HoraDaEntrega, CPF_Entregador, CPF, CNPJ) 
VALUES (seq_pedido.NEXTVAL, TO_DATE('2025-02-12', 'YYYY-MM-DD'),
    TO_TIMESTAMP('2025-02-12 16:45:00', 'YYYY-MM-DD HH24:MI:SS'), '99900011122',
    '44556677889',
    '76543210000177');

INSERT INTO Pedido (IdPedido, Data, HoraDaEntrega, CPF_Entregador, CPF, CNPJ) 
VALUES (seq_pedido.NEXTVAL, TO_DATE('2025-02-13', 'YYYY-MM-DD'),
    TO_TIMESTAMP('2025-02-13 11:15:00', 'YYYY-MM-DD HH24:MI:SS'), '00011122233',
    '55667788990',
    '65432100000166');

INSERT INTO Pedido (IdPedido, Data, HoraDaEntrega, CPF_Entregador, CPF, CNPJ) 
VALUES (seq_pedido.NEXTVAL, TO_DATE('2025-02-14', 'YYYY-MM-DD'),
    TO_TIMESTAMP('2025-02-14 18:30:00', 'YYYY-MM-DD HH24:MI:SS'), '11122233344',
    '66778899001',
    '54321000000155');

INSERT INTO Pedido (IdPedido, Data, HoraDaEntrega, CPF_Entregador, CPF, CNPJ) 
VALUES (seq_pedido.NEXTVAL, TO_DATE('2025-02-15', 'YYYY-MM-DD'),
    TO_TIMESTAMP('2025-02-15 20:00:00', 'YYYY-MM-DD HH24:MI:SS'), '22233344455',
    '77889900112',
    '43210000000144');

INSERT INTO Pedido (IdPedido, Data, HoraDaEntrega, CPF_Entregador, CPF, CNPJ) 
VALUES (seq_pedido.NEXTVAL, TO_DATE('2025-02-16', 'YYYY-MM-DD'),
    TO_TIMESTAMP('2025-02-16 13:30:00', 'YYYY-MM-DD HH24:MI:SS'), '33344455566',
    '88990011223',
    '32100000000133');

INSERT INTO Pedido (IdPedido, Data, HoraDaEntrega, CPF_Entregador, CPF, CNPJ) 
VALUES (seq_pedido.NEXTVAL, TO_DATE('2025-02-17', 'YYYY-MM-DD'),
    TO_TIMESTAMP('2025-02-17 12:00:00', 'YYYY-MM-DD HH24:MI:SS'), '44455566677',
    '99001122334',
    '21000000000122');

INSERT INTO Pedido (IdPedido, Data, HoraDaEntrega, CPF_Entregador, CPF, CNPJ) 
VALUES (seq_pedido.NEXTVAL, TO_DATE('2025-02-18', 'YYYY-MM-DD'),
    TO_TIMESTAMP('2025-02-18 19:00:00', 'YYYY-MM-DD HH24:MI:SS'), '55566677799',
    '10111213141',
    '10900000000111');



--INSERINDO CONTÉM

INSERT INTO Contem (IdPedido, IdProduto, IdFornecedor) VALUES (1, 1, '34567890000122');

INSERT INTO Contem (IdPedido, IdProduto, IdFornecedor) VALUES (1, 2, '34567890000122');

INSERT INTO Contem (IdPedido, IdProduto, IdFornecedor) VALUES (2, 3, '00056789000111');

INSERT INTO Contem (IdPedido, IdProduto, IdFornecedor) VALUES (2, 4, '00056789000111');

INSERT INTO Contem (IdPedido, IdProduto, IdFornecedor) VALUES (3, 5, '23456756700111');

INSERT INTO Contem (IdPedido, IdProduto, IdFornecedor) VALUES (3, 6, '23456756700111');

INSERT INTO Contem (IdPedido, IdProduto, IdFornecedor) VALUES (3, 1, '23456756700111');

INSERT INTO Contem (IdPedido, IdProduto, IdFornecedor) VALUES (4, 12, '11122233344455');

INSERT INTO Contem (IdPedido, IdProduto, IdFornecedor) VALUES (4, 13, '11122233344455');

INSERT INTO Contem (IdPedido, IdProduto, IdFornecedor) VALUES (5, 14, '98765432000199');

INSERT INTO Contem (IdPedido, IdProduto, IdFornecedor) VALUES (6, 15, '87654321000188');

INSERT INTO Contem (IdPedido, IdProduto, IdFornecedor) VALUES (7, 16, '76543210000177');

INSERT INTO Contem (IdPedido, IdProduto, IdFornecedor) VALUES (8, 17, '65432100000166');

INSERT INTO Contem (IdPedido, IdProduto, IdFornecedor) VALUES (9, 18, '54321000000155');

INSERT INTO Contem (IdPedido, IdProduto, IdFornecedor) VALUES (10, 19, '43210000000144');

INSERT INTO Contem (IdPedido, IdProduto, IdFornecedor) VALUES (11, 20, '32100000000133');

INSERT INTO Contem (IdPedido, IdProduto, IdFornecedor) VALUES (12, 21, '21000000000122');

INSERT INTO Contem (IdPedido, IdProduto, IdFornecedor) VALUES (13, 22, '10900000000111');



--INSERINDO COMPONENTES

INSERT INTO Componente (CodigoComponente, CodigoComposto) VALUES (1, 2);

INSERT INTO Componente (CodigoComponente, CodigoComposto) VALUES (3, 4);

INSERT INTO Componente (CodigoComponente, CodigoComposto) VALUES (5, 6);

INSERT INTO Componente (CodigoComponente, CodigoComposto) VALUES (7, 8);

INSERT INTO Componente (CodigoComponente, CodigoComposto) VALUES (9, 10);

INSERT INTO Componente (CodigoComponente, CodigoComposto) VALUES (11, 12);

INSERT INTO Componente (CodigoComponente, CodigoComposto) VALUES (13, 14);

INSERT INTO Componente (CodigoComponente, CodigoComposto) VALUES (15, 16);

INSERT INTO Componente (CodigoComponente, CodigoComposto) VALUES (17, 18);

INSERT INTO Componente (CodigoComponente, CodigoComposto) VALUES (19, 20);

INSERT INTO Componente (CodigoComponente, CodigoComposto) VALUES (21, 22);

INSERT INTO Componente (CodigoComponente, CodigoComposto) VALUES (21, 1);

INSERT INTO Componente (CodigoComponente, CodigoComposto) VALUES (1, 21);

INSERT INTO Componente (CodigoComponente, CodigoComposto) VALUES (5, 8);

INSERT INTO Componente (CodigoComponente, CodigoComposto) VALUES (5, 9);



--INSERINDO TELEFONES DE FORNECEDORES, ENTREGADORES E CONSUMIDORES
--TELEFONES DE FORNECEDORES

INSERT INTO TelefoneFornecedor (Ddd_Fornecedor, Telefone_Fornecedor, Fornecedor_CNPJ)  VALUES ('81', '33330003', '34567890000122');

INSERT INTO TelefoneFornecedor (Ddd_Fornecedor, Telefone_Fornecedor, Fornecedor_CNPJ) VALUES ('81', '999990004', '00056789000111');

INSERT INTO TelefoneFornecedor (Ddd_Fornecedor, Telefone_Fornecedor, Fornecedor_CNPJ) VALUES ('81', '977770006', '23456756700111');

INSERT INTO TelefoneFornecedor (Ddd_Fornecedor, Telefone_Fornecedor, Fornecedor_CNPJ) VALUES ('81', '977777001', '11122233344455');

INSERT INTO TelefoneFornecedor (Ddd_Fornecedor, Telefone_Fornecedor, Fornecedor_CNPJ) VALUES ('81', '33330004', '98765432000199');

INSERT INTO TelefoneFornecedor (Ddd_Fornecedor, Telefone_Fornecedor, Fornecedor_CNPJ) VALUES ('81', '999990006', '87654321000188');

INSERT INTO TelefoneFornecedor (Ddd_Fornecedor, Telefone_Fornecedor, Fornecedor_CNPJ) VALUES ('81', '977770007', '76543210000177');

INSERT INTO TelefoneFornecedor (Ddd_Fornecedor, Telefone_Fornecedor, Fornecedor_CNPJ) VALUES ('81', '977769817', '76543210000177');

INSERT INTO TelefoneFornecedor (Ddd_Fornecedor, Telefone_Fornecedor, Fornecedor_CNPJ) VALUES ('81', '777770008', '65432100000166');

INSERT INTO TelefoneFornecedor (Ddd_Fornecedor, Telefone_Fornecedor, Fornecedor_CNPJ) VALUES ('81', '777770009', '54321000000155');

INSERT INTO TelefoneFornecedor (Ddd_Fornecedor, Telefone_Fornecedor, Fornecedor_CNPJ) VALUES ('81', '709420009', '54321000000155');

INSERT INTO TelefoneFornecedor (Ddd_Fornecedor, Telefone_Fornecedor, Fornecedor_CNPJ) VALUES ('81', '988880010', '43210000000144');

INSERT INTO TelefoneFornecedor (Ddd_Fornecedor, Telefone_Fornecedor, Fornecedor_CNPJ) VALUES ('81', '988880011', '32100000000133');

INSERT INTO TelefoneFornecedor (Ddd_Fornecedor, Telefone_Fornecedor, Fornecedor_CNPJ) VALUES ('81', '988880012', '21000000000122');

INSERT INTO TelefoneFornecedor (Ddd_Fornecedor, Telefone_Fornecedor, Fornecedor_CNPJ) VALUES ('81', '988880013', '10900000000111');



--TELEFONES DE ENTREGADORES

INSERT INTO TelefoneEntregador (Ddd_Entregador, Telefone_Entregador, Entregador_CPF)  VALUES ('81', '999990003', '34567890123');

INSERT INTO TelefoneEntregador (Ddd_Entregador, Telefone_Entregador, Entregador_CPF)  VALUES ('81', '999990005', '14408809444');

INSERT INTO TelefoneEntregador (Ddd_Entregador, Telefone_Entregador, Entregador_CPF)  VALUES ('81', '966666007', '09445676533');

INSERT INTO TelefoneEntregador (Ddd_Entregador, Telefone_Entregador, Entregador_CPF)  VALUES ('81', '777770002', '55566677788');

INSERT INTO TelefoneEntregador (Ddd_Entregador, Telefone_Entregador, Entregador_CPF)  VALUES ('81', '777770003', '66677788899');

INSERT INTO TelefoneEntregador (Ddd_Entregador, Telefone_Entregador, Entregador_CPF)  VALUES ('81', '999990007', '77788899900');

INSERT INTO TelefoneEntregador (Ddd_Entregador, Telefone_Entregador, Entregador_CPF)  VALUES ('81', '999990008', '88899900011');

INSERT INTO TelefoneEntregador (Ddd_Entregador, Telefone_Entregador, Entregador_CPF)  VALUES ('81', '999990009', '99900011122');

INSERT INTO TelefoneEntregador (Ddd_Entregador, Telefone_Entregador, Entregador_CPF)  VALUES ('81', '999990010', '00011122233');

INSERT INTO TelefoneEntregador (Ddd_Entregador, Telefone_Entregador, Entregador_CPF)  VALUES ('81', '999990011', '11122233344');

INSERT INTO TelefoneEntregador (Ddd_Entregador, Telefone_Entregador, Entregador_CPF)  VALUES ('81', '999990012', '22233344455');

INSERT INTO TelefoneEntregador (Ddd_Entregador, Telefone_Entregador, Entregador_CPF)  VALUES ('81', '999990013', '33344455566');

INSERT INTO TelefoneEntregador (Ddd_Entregador, Telefone_Entregador, Entregador_CPF)  VALUES ('81', '420990013', '33344455566');

INSERT INTO TelefoneEntregador (Ddd_Entregador, Telefone_Entregador, Entregador_CPF)  VALUES ('81', '999990014', '44455566677');

INSERT INTO TelefoneEntregador (Ddd_Entregador, Telefone_Entregador, Entregador_CPF)  VALUES ('81', '999990015', '55566677799');

INSERT INTO TelefoneEntregador (Ddd_Entregador, Telefone_Entregador, Entregador_CPF)  VALUES ('81', '990080015', '55566677799');



--TELEFONES DE CONSUMIDORES

INSERT INTO TelefoneConsumidor (Ddd_Consumidor, Telefone_Consumidor, Consumidor_CPF) VALUES ('81', '888880003', '76543210987');

INSERT INTO TelefoneConsumidor (Ddd_Consumidor, Telefone_Consumidor, Consumidor_CPF) VALUES ('81', '888880004', '12312312300');

INSERT INTO TelefoneConsumidor (Ddd_Consumidor, Telefone_Consumidor, Consumidor_CPF) VALUES ('81', '305800004', '12312312300');

INSERT INTO TelefoneConsumidor (Ddd_Consumidor, Telefone_Consumidor, Consumidor_CPF) VALUES ('81', '988880003', '76543210987');

INSERT INTO TelefoneConsumidor (Ddd_Consumidor, Telefone_Consumidor, Consumidor_CPF) VALUES ('81', '988880004', '12312312300');

INSERT INTO TelefoneConsumidor (Ddd_Consumidor, Telefone_Consumidor, Consumidor_CPF) VALUES ('81', '930580004', '12312312300');

INSERT INTO TelefoneConsumidor (Ddd_Consumidor, Telefone_Consumidor, Consumidor_CPF) VALUES ('81', '955550008', '86586586599');

INSERT INTO TelefoneConsumidor (Ddd_Consumidor, Telefone_Consumidor, Consumidor_CPF) VALUES ('81', '777770004', '98765432112');

INSERT INTO TelefoneConsumidor (Ddd_Consumidor, Telefone_Consumidor, Consumidor_CPF) VALUES ('81', '777770005', '11223344556');

INSERT INTO TelefoneConsumidor (Ddd_Consumidor, Telefone_Consumidor, Consumidor_CPF) VALUES ('81', '977770014', '22334455667');

INSERT INTO TelefoneConsumidor (Ddd_Consumidor, Telefone_Consumidor, Consumidor_CPF) VALUES ('81', '977770015', '33445566778');

INSERT INTO TelefoneConsumidor (Ddd_Consumidor, Telefone_Consumidor, Consumidor_CPF) VALUES ('81', '977770016', '44556677889');

INSERT INTO TelefoneConsumidor (Ddd_Consumidor, Telefone_Consumidor, Consumidor_CPF) VALUES ('81', '972070016', '44556677889');

INSERT INTO TelefoneConsumidor (Ddd_Consumidor, Telefone_Consumidor, Consumidor_CPF) VALUES ('81', '977770017', '55667788990');

INSERT INTO TelefoneConsumidor (Ddd_Consumidor, Telefone_Consumidor, Consumidor_CPF) VALUES ('81', '977770018', '66778899001');

INSERT INTO TelefoneConsumidor (Ddd_Consumidor, Telefone_Consumidor, Consumidor_CPF) VALUES ('81', '977770019', '77889900112');

INSERT INTO TelefoneConsumidor (Ddd_Consumidor, Telefone_Consumidor, Consumidor_CPF) VALUES ('81', '977770020', '88990011223');

INSERT INTO TelefoneConsumidor (Ddd_Consumidor, Telefone_Consumidor, Consumidor_CPF) VALUES ('81', '977770021', '99001122334');

INSERT INTO TelefoneConsumidor (Ddd_Consumidor, Telefone_Consumidor, Consumidor_CPF) VALUES ('81', '977770022', '10111213141');
