

INSERT INTO Entregador (CPF, DataDeNascimento, Nome)  VALUES ('34567890123', TO_DATE('1995-09-30', 'YYYY-MM-DD'), 'Carlos Lima');

INSERT INTO Entregador (CPF, DataDeNascimento, Nome)  VALUES ('14408809444', TO_DATE('1986-05-15', 'YYYY-MM-DD'), 'Lucas Silva');

INSERT INTO Entregador (CPF, DataDeNascimento, Nome)  VALUES ('09445676533', TO_DATE('2000-09-04', 'YYYY-MM-DD'), 'Gabriel Melo');

INSERT INTO Entregador (CPF, DataDeNascimento, Nome)  VALUES ('32454367899', TO_DATE('1979-12-31', 'YYYY-MM-DD'), 'Miguel Carneiro');

INSERT INTO Entregador (CPF, DataDeNascimento, Nome)  VALUES ('00912345678', TO_DATE('2001-04-15', 'YYYY-MM-DD'), 'Alvaro Neto');

INSERT INTO Entregador (CPF, DataDeNascimento, Nome)  VALUES ('03212355678', TO_DATE('1998-05-30', 'YYYY-MM-DD'), 'Bianca Pessoa');

INSERT INTO Entregador (CPF, DataDeNascimento, Nome)  VALUES ('12487954266', TO_DATE('1995-09-30', 'YYYY-MM-DD'), 'Eduarda Rocha');

INSERT INTO Entregador (CPF, DataDeNascimento, Nome)  VALUES ('87632145677', TO_DATE('2000-03-27', 'YYYY-MM-DD'), 'Gabriela Ferraz');

INSERT INTO Entregador (CPF, DataDeNascimento, Nome)  VALUES ('45676555523', TO_DATE('1999-01-14', 'YYYY-MM-DD'), 'Fabiana Gomes');

INSERT INTO Entregador (CPF, DataDeNascimento, Nome)  VALUES ('24367899911', TO_DATE('2002-06-01', 'YYYY-MM-DD'), 'Julia Carvalho');



--INSERINDO CONSUMIDORES

INSERT INTO Consumidor (CPF, DataDeNascimento, Nome, CEP, Rua, Numero, Cidade, Complemento) VALUES ('76543210987', TO_DATE('1995-09-30', 'YYYY-MM-DD'), 'Julia Almeida', '52000000', 'Rua 3', 789, 'Recife', 'Apto 3');

INSERT INTO Consumidor (CPF, DataDeNascimento, Nome, CEP, Rua, Numero, Cidade, Complemento) VALUES ('12312312300', TO_DATE('1969-04-15', 'YYYY-MM-DD'), 'Zenaide Castro', '52061100', 'Rua ABC', 59, 'Recife', 'Apto 2702');

INSERT INTO Consumidor (CPF, DataDeNascimento, Nome, CEP, Rua, Numero, Cidade, Complemento) VALUES ('86586586599', TO_DATE('2004-11-10', 'YYYY-MM-DD'), 'Juliana Valenca', '52061540', 'Rua 17 de Agosto', 2483, 'Recife', 'Apto 2301');

INSERT INTO Consumidor (CPF, DataDeNascimento, Nome, CEP, Rua, Numero, Cidade, Complemento) VALUES ('43245676588', TO_DATE('1987-03-30', 'YYYY-MM-DD'), 'Clarissa Baltar', '32154679', 'Rua da Aurora', 50, 'Recife', 'Apto 301');

INSERT INTO Consumidor (CPF, DataDeNascimento, Nome, CEP, Rua, Numero, Cidade, Complemento) VALUES ('32166677788', TO_DATE('1950-06-12', 'YYYY-MM-DD'), 'Gabriela Lucena', '12343456', 'Rua Real da Torre', 140, 'Recife', 'Apto 2');

INSERT INTO Consumidor (CPF, DataDeNascimento, Nome, CEP, Rua, Numero, Cidade, Complemento) VALUES ('21345676555', TO_DATE('1986-07-02', 'YYYY-MM-DD'), 'Bruno Rezende', '52061540', 'Rua 17 de Agosto', 2720, 'Recife', 'Apto 1802');

INSERT INTO Consumidor (CPF, DataDeNascimento, Nome, CEP, Rua, Numero, Cidade, Complemento) VALUES ('76540000987', TO_DATE('1957-01-03', 'YYYY-MM-DD'), 'Lucas Mendes', '51000000', 'Rua Virginia Loreto', 79, 'Recife', 'Apto 303');

INSERT INTO Consumidor (CPF, DataDeNascimento, Nome, CEP, Rua, Numero, Cidade, Complemento) VALUES ('22543210987', TO_DATE('1994-11-03', 'YYYY-MM-DD'), 'Vinicius Albuquerque', '53400000', 'Rua das Gracas', 80, 'Recife', 'Apto 1401');



--INSERINDO FORNECEDORES

INSERT INTO Fornecedor (CNPJ, Nome, CEP, Rua, Numero, Cidade, Complemento) VALUES ('34567890000122', 'Padaria Pão Quente', '52000000', 'Rua C', 30, 'Recife', '');

INSERT INTO Fornecedor (CNPJ, Nome, CEP, Rua, Numero, Cidade, Complemento) VALUES ('00056789000111', 'Frutaria Verd Campo', '52111000', 'Rua Silvana Salazar', 45, 'Recife', '');

INSERT INTO Fornecedor (CNPJ, Nome, CEP, Rua, Numero, Cidade, Complemento) VALUES ('23456756700111', 'Padaria Casa Forte', '52061540', 'Rua 17 de Agosto', 1211, 'Recife', '');

INSERT INTO Fornecedor (CNPJ, Nome, CEP, Rua, Numero, Cidade, Complemento) VALUES ('23999989000111', 'DOC', '51110000', 'Rua Irma Maria David', 200, 'Recife', '');

INSERT INTO Fornecedor (CNPJ, Nome, CEP, Rua, Numero, Cidade, Complemento) VALUES ('23999555000111', 'Mix Matheus', '52340000', 'Rua Rui Barbosa', 144, 'Recife', '');

INSERT INTO Fornecedor (CNPJ, Nome, CEP, Rua, Numero, Cidade, Complemento) VALUES ('23456789000111', 'Padaria Pão Quente', '52000000', 'Rua C', 30, 'Recife', '');

INSERT INTO Fornecedor (CNPJ, Nome, CEP, Rua, Numero, Cidade, Complemento) VALUES ('23456000000111', 'Kojima', '41230000', 'Rua Antonio de Goes', 11, 'Recife', '');

INSERT INTO Fornecedor (CNPJ, Nome, CEP, Rua, Numero, Cidade, Complemento) VALUES ('12336789000111', 'JK Steak', '13300000', 'Rua Jose Estelita', 300, 'Recife', '');

INSERT INTO Fornecedor (CNPJ, Nome, CEP, Rua, Numero, Cidade, Complemento) VALUES ('23456789111111', 'Ruizito', '52099900', 'Rua Republica do Libano', 199, 'Recife', '');

INSERT INTO Fornecedor (CNPJ, Nome, CEP, Rua, Numero, Cidade, Complemento) VALUES ('23456789222111', 'Le Petit', '52130000', 'Rua do Futuro', 20, 'Recife', '');



--INSERINDO SUPERMERCADOS

INSERT INTO Supermercado (CNPJ_Forn) VALUES ('34567890000122');

INSERT INTO Supermercado (CNPJ_Forn) VALUES ('00056789000111');

INSERT INTO Supermercado (CNPJ_Forn) VALUES ('23456756700111');

INSERT INTO Supermercado (CNPJ_Forn) VALUES ('23999989000111');

INSERT INTO Supermercado (CNPJ_Forn) VALUES ('23999555000111');



--INSERINDO RESTAURANTES

INSERT INTO Restaurante (CNPJ_Forn, Categoria) VALUES ('23456789000111', 'Comida Brasileira');

INSERT INTO Restaurante (CNPJ_Forn, Categoria) VALUES ('23456000000111', 'Comida Japonesa');

INSERT INTO Restaurante (CNPJ_Forn, Categoria) VALUES ('12336789000111', 'Comida Brasileira');

INSERT INTO Restaurante (CNPJ_Forn, Categoria) VALUES ('23456789111111', 'Comida Iberica');

INSERT INTO Restaurante (CNPJ_Forn, Categoria) VALUES ('23456789222111', 'Comida Italiana');



--INSERINDO PRODUTOS

INSERT INTO Produto (Nome) VALUES ('Pizza Margherita');

INSERT INTO Produto (Nome) VALUES ('Pizza Calabresa');

INSERT INTO Produto (Nome) VALUES ('Pao de Caixa');

INSERT INTO Produto (Nome) VALUES ('Ovos');

INSERT INTO Produto (Nome) VALUES ('Queijo Mussarela');

INSERT INTO Produto (Nome) VALUES ('Batata Frita');

INSERT INTO Produto (Nome) VALUES ('Hot Roll');

INSERT INTO Produto (Nome) VALUES ('Picanha Argentina');

INSERT INTO Produto (Nome) VALUES ('Bolo de Morango');

INSERT INTO Produto (Nome) VALUES ('Brigadeiro');

INSERT INTO Produto (Nome) VALUES ('Risoto de Camarao');



--INSERINDO PRODUTOS OFERTADOS

INSERT INTO ProdutoOfertado (IdProduto, CNPJ_Forn, Preco) VALUES (1, '34567890000122', 20.00);

INSERT INTO ProdutoOfertado (IdProduto, CNPJ_Forn, Preco) VALUES (2, '34567890000122', 25.00);

INSERT INTO ProdutoOfertado (IdProduto, CNPJ_Forn, Preco) VALUES (3, '00056789000111', 15.00);

INSERT INTO ProdutoOfertado (IdProduto, CNPJ_Forn, Preco) VALUES (4, '00056789000111', 18.00);

INSERT INTO ProdutoOfertado (IdProduto, CNPJ_Forn, Preco) VALUES (5, '23456756700111', 30.00);

INSERT INTO ProdutoOfertado (IdProduto, CNPJ_Forn, Preco) VALUES (6, '23456756700111', 35.00);

INSERT INTO ProdutoOfertado (IdProduto, CNPJ_Forn, Preco) VALUES (1, '23456756700111', 35.00);



--INSERINDO DESCONTOS

INSERT INTO Desconto (CNPJ_Desconto, Data, Porcentagem) VALUES ('23456789000111', TO_DATE('2025-02-02', 'YYYY-MM-DD'), 15.00);

INSERT INTO Desconto (CNPJ_Desconto, Data, Porcentagem) VALUES ('23999555000111', TO_DATE('2025-11-03', 'YYYY-MM-DD'), 10.00);

INSERT INTO Desconto (CNPJ_Desconto, Data, Porcentagem) VALUES ('00056789000111', TO_DATE('2025-03-02', 'YYYY-MM-DD'), 05.00);

INSERT INTO Desconto (CNPJ_Desconto, Data, Porcentagem) VALUES ('23999989000111', TO_DATE('2025-04-02', 'YYYY-MM-DD'), 8.00);



--INSERINDO PEDIDOS

INSERT INTO Pedido (IdPedido, Data, HoraDaEntrega, CPF_Entregador, CPF, CNPJ) 
VALUES (seq_pedido.NEXTVAL, TO_DATE('2025-02-01', 'YYYY-MM-DD'),  
    TO_TIMESTAMP('2025-02-01 18:00:00', 'YYYY-MM-DD HH24:MI:SS'), '34567890123',  
    '76543210987',  
    '23456789000111' 
);

INSERT INTO Pedido (IdPedido, Data, HoraDaEntrega, CPF_Entregador, CPF, CNPJ) 
VALUES (seq_pedido.NEXTVAL, TO_DATE('2025-02-03', 'YYYY-MM-DD'),  
    TO_TIMESTAMP('2025-02-03 12:30:00', 'YYYY-MM-DD HH24:MI:SS'), '14408809444',  
    '12312312300',  
    '00056789000111' 
);

INSERT INTO Pedido (IdPedido, Data, HoraDaEntrega, CPF_Entregador, CPF, CNPJ) 
VALUES (seq_pedido.NEXTVAL, TO_DATE('2025-02-05', 'YYYY-MM-DD'),  
    TO_TIMESTAMP('2025-02-05 19:45:00', 'YYYY-MM-DD HH24:MI:SS'), '09445676533',  
    '86586586599',  
    '23456756700111' 
);



--INSERINDO CONTÉM

INSERT INTO Contem (IdPedido, IdProduto, PrecoProduto, IdFornecedor) VALUES (1, 1, 20.00, '34567890000122');

INSERT INTO Contem (IdPedido, IdProduto, PrecoProduto, IdFornecedor) VALUES (1, 2, 25.00,'34567890000122');

INSERT INTO Contem (IdPedido, IdProduto, PrecoProduto, IdFornecedor) VALUES (2, 3, 15.00, '00056789000111');

INSERT INTO Contem (IdPedido, IdProduto, PrecoProduto, IdFornecedor) VALUES (2, 4, 18.00,'00056789000111');

INSERT INTO Contem (IdPedido, IdProduto, PrecoProduto, IdFornecedor) VALUES (3, 5, 30.00, '23456756700111');

INSERT INTO Contem (IdPedido, IdProduto, PrecoProduto, IdFornecedor) VALUES (3, 6, 35.00, '23456756700111');

INSERT INTO Contem (IdPedido, IdProduto, PrecoProduto, IdFornecedor) VALUES (3, 1, 35.00, '23456756700111');



--INSERINDO COMPONENTES

INSERT INTO Componente (CodigoComponente, CodigoComposto) VALUES (1, 2);

INSERT INTO Componente (CodigoComponente, CodigoComposto) VALUES (3, 4);

INSERT INTO Componente (CodigoComponente, CodigoComposto) VALUES (5, 6);


--INSERINDO TELEFONES DE FORNECEDORES, ENTREGADORES E CONSUMIDORES
--TELEFONES DE FORNECEDORES

INSERT INTO TelefoneFornecedor (Telefone_Fornecedor, Fornecedor_CNPJ) VALUES ('8133330003', '34567890000122');

INSERT INTO TelefoneFornecedor (Telefone_Fornecedor, Fornecedor_CNPJ) VALUES ('81999990004', '00056789000111');

INSERT INTO TelefoneFornecedor (Telefone_Fornecedor, Fornecedor_CNPJ) VALUES ('81977770006', '23456756700111');



--TELEFONES DE ENTREGADORES

INSERT INTO TelefoneEntregador (Telefone_Entregador, Entregador_CPF) VALUES ('81999990003', '34567890123');

INSERT INTO TelefoneEntregador (Telefone_Entregador, Entregador_CPF) VALUES ('81999990005', '14408809444');

INSERT INTO TelefoneEntregador (Telefone_Entregador, Entregador_CPF) VALUES ('81966660007', '09445676533');



--TELEFONES DE CONSUMIDORES

INSERT INTO TelefoneConsumidor (Telefone_Consumidor, Consumidor_CPF) VALUES ('81988880003', '76543210987');

INSERT INTO TelefoneConsumidor (Telefone_Consumidor, Consumidor_CPF) VALUES ('81988880004', '12312312300');

INSERT INTO TelefoneConsumidor (Telefone_Consumidor, Consumidor_CPF) VALUES ('81955550008', '86586586599');


